Title	publication_date	Blog_author
Technical Writing Guidelines to Create AI Friendly Content	2024-01-11 00:00:00	Selvaraaju Murugesan
Knowledge Management for Organizational Success with Eduarda...	2024-01-08 00:00:00	Gowri Ramkumar
2023 in Review: A Year of Transformation to AI	2024-01-05 00:00:00	Pratiksha Ramkumar
How to Improve Healthcare Process	2023-12-29 00:00:00	Jubina Prabhakaran
A Guide to Create Quick Reference Guide (Tips and Tools)	2023-12-29 00:00:00	Pradeepa somasundaram
Must-Attend Technical Writing Conferences of 2024	2023-12-27 00:00:00	Pratiksha Ramkumar
Process Improvement Tools: Enhancing Efficiency and Effectiv...	2023-12-21 00:00:00	Pratiksha Ramkumar
Crafting quality product documentation with Sofia Emelianova...	2023-12-05 00:00:00	Gowri Ramkumar
The Role of Knowledge Management in the Hospitality Industry	2023-11-29 00:00:00	Pradeepa somasundaram
Beyond Basic Search: Leveraging AI for Enhanced Knowledge Na...	2023-11-28 00:00:00	Thiruthani Ravichandran
Impact of ChatGPT enabled knowledge base in call centers	2023-11-15 00:00:00	Selvaraaju Murugesan
Guide to Creating a Single Source of Truth	2023-11-13 00:00:00	Pradeepa somasundaram
Top Black Friday and Cyber Monday SaaS Deals of 2023	2023-11-06 00:00:00	Pratiksha Ramkumar
Document360 2.0: Transforming your Knowledge Experience	2023-11-03 00:00:00	Mohamed Shakheen
Document360 Vs Traditional Authoring Tools ( DITA XML)	2023-11-01 00:00:00	Arunkumar Kumaresan
Exploring the Significance of Knowledge Base Dashboard Insights	2023-10-30 00:00:00	Thiruthani Ravichandran
Employee intranet: Why does it matter to your employees?	2023-10-30 00:00:00	Pratiksha Ramkumar
How to build your own custom ChatGPT for your company’...	2023-10-27 00:00:00	Selvaraaju Murugesan
8 Best IT Documentation Tools for DevOps in 2024	2023-10-27 00:00:00	Kingson S
What is a Content Authoring Tool and How to Choose the Right...	2023-10-25 00:00:00	Pradeepa somasundaram
Importance of Knowledge Management in the FMCG Industry	2023-10-25 00:00:00	Pradeepa somasundaram
How GenAI Will Enhance a Technical Writer’s Capabilities	2023-10-20 00:00:00	Selvaraaju Murugesan
Documentation in Accounting Firms: Trends and Innovations	2023-10-19 00:00:00	Pradeepa somasundaram
5 Best employee onboarding software for training new employees	2023-10-13 00:00:00	Jubina Prabhakaran
A Comprehensive Guide to Software Architecture Documentation	2023-10-12 00:00:00	Selvaraaju Murugesan
Release Notes: Why You Need Them and How to Write Them	2023-10-12 00:00:00	Kingson S
Transition to Technical Writing from Diverse Backgrounds wit...	2023-10-09 00:00:00	Gowri Ramkumar
Why Product Knowledge Matters in Customer Service	2023-09-30 00:00:00	Jubina Prabhakaran
What is product knowledge for sales team	2023-09-30 00:00:00	Jubina Prabhakaran
Detailed Comparison: Salesforce Vs Document360	2023-09-30 00:00:00	Arunkumar Kumaresan
Documentation for Testing: Benefits, Examples, and Best Prac...	2023-09-29 00:00:00	Kingson S
How Technical Writers Can Master Prompt Engineering	2023-09-29 00:00:00	Kingson S
A Quick Guide to Get Accurate ChatGPT Responses for Your FAQs	2023-09-29 00:00:00	Selvaraaju Murugesan
Introducing Postman Collection Support in Document360’...	2023-09-29 00:00:00	Shakeer Hussain
The Power of Organizational Learning and Collaboration with ...	2023-09-29 00:00:00	Pradeepa somasundaram
Knowledge management best practices in oil and gas industry	2023-09-28 00:00:00	Document360 Team
Top Online User Manual Tools for 2024	2023-09-20 00:00:00	Kingson S
Guide to Create Public Documentation: Importance, Examples &...	2023-09-20 00:00:00	Jubina Prabhakaran
Headless CMS Contentful vs. Document360	2023-09-15 00:00:00	Arunkumar Kumaresan
Top 7 Stonly Alternatives in 2024	2023-08-31 00:00:00	Pradeepa somasundaram
Author-it Vs Document360: A Detailed Comparison	2023-08-31 00:00:00	Pradeepa somasundaram
Documentation Version Control: How it can improve collaborat...	2023-08-31 00:00:00	Document360 Team
BetterDocs (WordPress) vs Document360: Which is better for k...	2023-08-31 00:00:00	Arunkumar Kumaresan
Role of Knowledge Management in Educational Institutions	2023-08-31 00:00:00	Pradeepa somasundaram
Pros and Cons of Custom Knowledge base	2023-08-30 00:00:00	Arunkumar Kumaresan
6 Key Tips for Successful Document Collaboration	2023-08-29 00:00:00	Document360 Team
Knowledge Management in HRM: Its Growing Importance & I...	2023-08-29 00:00:00	Jubina Prabhakaran
Implementing Effective Knowledge Management in the Aviation ...	2023-08-25 00:00:00	Pradeepa somasundaram
ChatGPT and the Future of Customer FAQs: Trends and Predictions	2023-08-22 00:00:00	Document360 Team
Role of ChatGPT plugins in the knowledge base	2023-08-16 00:00:00	Selvaraaju Murugesan
Revolutionizing Load Testing with Azure Load Test	2023-08-07 00:00:00	Divya Harinarayanan
How to build a documentation culture?	2023-07-31 00:00:00	Selvaraaju Murugesan
The Role of Knowledge management in E-commerce	2023-07-31 00:00:00	Jubina Prabhakaran
How to Localize Your Documentation for Global Audience	2023-07-28 00:00:00	Pradeepa somasundaram
Overcoming Barriers to Knowledge Management Adoption in the ...	2023-07-27 00:00:00	Pradeepa somasundaram
Pros and Cons of Docusaurus as a Documentation tool	2023-07-26 00:00:00	Arunkumar Kumaresan
SDK vs API: Choosing the Right Documentation Approach	2023-07-25 00:00:00	Mark Wentowski
Utilizing Technical Documentation to Facilitate Effective Co...	2023-07-20 00:00:00	Kingson S
On-Premise Knowledge Base – Pros, Cons and Alternatives	2023-07-20 00:00:00	Document360 Team
Document360’s Q2 2023 Feature Round-up	2023-07-18 00:00:00	Shakeer Hussain
API documentation: Components and Best Practices with Mark W...	2023-07-05 00:00:00	Gowri Ramkumar
Introduction to ChatGPT in Knowledge Management: Transformin...	2023-06-30 00:00:00	Document360 Team
Best practices in writing content for Generative AI-based ch...	2023-06-30 00:00:00	Selvaraaju Murugesan
What is Knowledge Management Framework & How to Create it?	2023-06-30 00:00:00	Document360 Team
Comprehensive Guide To Omnichannel Customer Service	2023-06-27 00:00:00	Document360 Team
Streamlining Content Journey: Effortless Title Recommendatio...	2023-06-26 00:00:00	Thiruthani Ravichandran
How to Create Multilingual Documentation	2023-06-26 00:00:00	Document360 Team
Seamlessly Maintain API Documentation integrity with the new...	2023-06-23 00:00:00	Shakeer Hussain
Top 6 Stoplight Alternatives in 2024	2023-06-22 00:00:00	Mark Wentowski
How Document360 Leverages Azure Virtual Network for Isolatio...	2023-06-21 00:00:00	Antonyraj Sebastin
What is the Role of Knowledge Management System In Finance	2023-06-21 00:00:00	Document360 Team
How Knowledge Management Streamlines Manufacturing Process?	2023-06-20 00:00:00	Document360 Team
Knowledge sharing and documentation metrics with Mysti Berry...	2023-06-15 00:00:00	Gowri Ramkumar
Introduction to APIs	2023-06-13 00:00:00	Mark Wentowski
What is the Role of Knowledge Management System In Retail In...	2023-05-31 00:00:00	Document360 Team
What is a Technical Writer Style Guide? With Examples	2023-05-31 00:00:00	Kingson S
How to implement an API strategy?	2023-05-30 00:00:00	Mark Wentowski
Top 8 Postman Alternatives to Consider for API Docs	2023-05-25 00:00:00	Mark Wentowski
8 Best GitBook Alternatives For 2024 with Reviews	2023-05-22 00:00:00	Document360 Team
8 Use Cases of ChatGPT for Customer Service	2023-05-19 00:00:00	Document360 Team
What is the API-First approach?	2023-05-19 00:00:00	Mark Wentowski
How to Test the Usability of Technical Documents with Tips &...	2023-05-19 00:00:00	Kingson S
Navigating Team Dynamics in Technical Writing with Yael Basf...	2023-05-18 00:00:00	Gowri Ramkumar
Introducing d360, a command line interface to streamline API...	2023-05-09 00:00:00	Suhas Parameshwara
How to Improve an Internal Processes in an Organization	2023-04-30 00:00:00	Pradeepa somasundaram
What Is Customer Self-Service? Benefits & Best Practices	2023-04-30 00:00:00	Pratiksha Ramkumar
Internal vs External APIs – Does it Matter?	2023-04-30 00:00:00	Mark Wentowski
The Future of Knowledge Base in the Age of Generative AI	2023-04-29 00:00:00	Selvaraaju Murugesan
GraphQL vs REST: How are they different?	2023-04-29 00:00:00	Mark Wentowski
Knowledge Management Strategy: How to Build One for Your Org...	2023-04-29 00:00:00	Jubina Prabhakaran
Role of ChatGPT in Software Documentation	2023-04-28 00:00:00	Selvaraaju Murugesan
Revolutionize your Knowledge Base with Article Health-Check ...	2023-04-27 00:00:00	Mohamed Shakheen
How Technical Writers Can Utilize ChatGPT?	2023-04-27 00:00:00	Kingson S
Discussing technical communication with Avi Chazen, Technica...	2023-04-27 00:00:00	Gowri Ramkumar
Test Automation Framework: How we built it for Document360	2023-04-13 00:00:00	Kuzhali Maheswaran
The Latest from Document360: Q1 2023 Release Highlights	2023-04-06 00:00:00	Shakeer Hussain
Top 6 SwaggerHub Alternatives in 2024	2023-04-03 00:00:00	Pradeepa somasundaram
What is Product Adoption with Metrics & KPI to Track	2023-03-30 00:00:00	Pradeepa somasundaram
What’s Customer Education in SaaS? Best Practices & Examples	2023-03-29 00:00:00	Pradeepa somasundaram
How To Create an Effective Sales Enablement Strategy	2023-03-29 00:00:00	Gowri Ramkumar
Documentation as Customer Success and Retention Tool with Is...	2023-03-28 00:00:00	Gowri Ramkumar
8 Important Types of Documentation for Product Management	2023-03-28 00:00:00	Shakeer Hussain
External Documentation: Best Practices, Tips & Example	2023-03-28 00:00:00	Jubina Prabhakaran
API Lifecycle Management: Everything You Need to Know	2023-03-22 00:00:00	Mark Wentowski
gRPC vs REST: What’s the difference?	2023-03-22 00:00:00	Mark Wentowski
Top 14 REST API Design Best Practices to Follow	2023-03-17 00:00:00	Shakeer Hussain
AI Tag Recommender: Quick and easy way of labelling articles	2023-03-16 00:00:00	Thiruthani Ravichandran
Hard skills vs soft skills in technical writing with Jonatha...	2023-03-10 00:00:00	Gowri Ramkumar
Create an enchanting API developer experience with the docum...	2023-03-08 00:00:00	Divya Harinarayanan
Introducing API Documentation: Enhance your API Experience	2023-03-08 00:00:00	Shakeer Hussain
Top 6 Paligo alternatives for 2024	2023-03-01 00:00:00	Pradeepa somasundaram
Concise Documentation: Definition, Benefits, and how to crea...	2023-02-28 00:00:00	Kingson S
The Ultimate Guide to Creating Customer Service Policy [Exam...	2023-02-28 00:00:00	Pradeepa somasundaram
Document360 is now SOC2 Type2 Certified	2023-02-28 00:00:00	Pratiksha Ramkumar
Guidelines for Deprecating Old API Versions	2023-02-28 00:00:00	Anand Murali
A Practical Guide to Create Technical Specification Document...	2023-02-27 00:00:00	Kingson S
What is a FinTech API?	2023-02-24 00:00:00	Shakeer Hussain
7 Essential Knowledge Management Metrics and How to use Them	2023-02-23 00:00:00	Jubina Prabhakaran
A Quality Checklist for API Documentation	2023-02-17 00:00:00	Shakeer Hussain
Practical guide to launching a new public API for your company	2023-02-09 00:00:00	Selvaraaju Murugesan
Best Alternative to Wix Answers Knowledge Management	2023-02-01 00:00:00	Pradeepa somasundaram
Create a delightful user experience with the Auto-register S...	2023-01-31 00:00:00	Thiruthani Ravichandran
How to create a Troubleshooting Guide for your business	2023-01-31 00:00:00	Kingson S
Document Development Life Cycle with Jessica Valero Gil, Se...	2023-01-31 00:00:00	Gowri Ramkumar
How To Create a Software Installation Guide For Your Customer	2023-01-31 00:00:00	Kingson S
Ultimate Guide To Create Customer Service Training Manual	2023-01-30 00:00:00	Pradeepa somasundaram
7 Knowledge Management Challenges and Solutions	2023-01-30 00:00:00	Jubina Prabhakaran
How to Create an Operation & Maintenance Manual	2023-01-28 00:00:00	Jubina Prabhakaran
The Ultimate Guide to Create a Business Playbook	2023-01-27 00:00:00	Selvaraaju Murugesan
Implicit Knowledge: What It Is, Benefits, How To Capture  ...	2023-01-23 00:00:00	Jubina Prabhakaran
What is API Developer Portal with Best Practices & Examples	2023-01-20 00:00:00	Shakeer Hussain
Document360’s Year in Review: 2022	2023-01-09 00:00:00	Pratiksha Ramkumar
What’s New with Document360: Q4 2022 Release Recap	2023-01-01 00:00:00	Shakeer Hussain
7 Best Alternatives To MadCap Flare	2023-01-01 00:00:00	Pradeepa somasundaram
REST vs. SOAP: What is the difference?	2022-12-31 00:00:00	Mark Wentowski
15 Steps to Create a Runbook for your Team	2022-12-31 00:00:00	Pradeepa somasundaram
Ultimate Guide To Build a Business Wiki	2022-12-29 00:00:00	Pradeepa somasundaram
Things You Should Be Aware While Creating Onboarding Documen...	2022-12-29 00:00:00	Jubina Prabhakaran
What is Open API? Advantages, Disadvantages & Examples	2022-12-28 00:00:00	Shakeer Hussain
Confluence VS Google Docs : A Detailed Review	2022-12-28 00:00:00	Pradeepa somasundaram
5 Tips to Create Information Architecture for Technical Writing	2022-12-26 00:00:00	Kingson S
6 Best API Documentation Tools for 2024	2022-12-23 00:00:00	Shakeer Hussain
Connect Document360 with any of your favorite apps via Make	2022-12-23 00:00:00	Shakeer Hussain
The Documentation Review Process: A Practical Guide	2022-12-22 00:00:00	Kingson S
User empathy while creating customer support documentation w...	2022-12-21 00:00:00	Gowri Ramkumar
100+ Customer Service Statistics You Should Know	2022-12-20 00:00:00	Jubina Prabhakaran
Glossary: A Valuable Resource for Knowledge Sharing	2022-12-19 00:00:00	Mohamed Shakheen
How to build style guides that enhances the customer journey...	2022-12-01 00:00:00	Gowri Ramkumar
Top 6 Slite alternatives to consider in 2024	2022-12-01 00:00:00	Pradeepa somasundaram
Swagger API: How They Work & What you Need to Know	2022-11-30 00:00:00	Shakeer Hussain
Knowledge Management Portal: Ultimate Guide with Examples	2022-11-30 00:00:00	Jubina Prabhakaran
Guide to Provide 24/7 Customer Service with Tips & Benefits	2022-11-29 00:00:00	Jubina Prabhakaran
Microsoft SharePoint Vs Google Docs: What’s the Difference?	2022-11-29 00:00:00	Pradeepa somasundaram
10 Top Standard Operating Procedure Software (SOP) for 2024	2022-11-28 00:00:00	Jubina Prabhakaran
How to Get Rid Of Information Silos	2022-11-26 00:00:00	Pradeepa somasundaram
How Does a REST API Work with Examples and Challenges	2022-11-25 00:00:00	Shakeer Hussain
Salesforce & Document360 – Instil wisdom into your CRM	2022-11-24 00:00:00	Shakeer Hussain
What is IT Documentation: Types, Examples & Templates	2022-11-18 00:00:00	Pradeepa somasundaram
7 Best Archbee Alternatives for 2024	2022-11-01 00:00:00	Pradeepa somasundaram
An Easy Guide to Creating an Effective Knowledge Transfer Pr...	2022-10-31 00:00:00	Jubina Prabhakaran
Organizational Silos: Overview, How to Break Down & Its Impact	2022-10-31 00:00:00	Pradeepa somasundaram
Agile Documentation: Methodology & Best Practices	2022-10-28 00:00:00	Selvaraaju Murugesan
Alex Fiedler from Torq discusses the role of documentation i...	2022-10-28 00:00:00	Gowri Ramkumar
How to Write API Documentation with Examples	2022-10-21 00:00:00	Kingson S
A Comprehensive Guide to Creating a Policy and Procedure Manual	2022-10-11 00:00:00	Jubina Prabhakaran
Quarterly round-up: A quick recap into Q3 2022	2022-10-07 00:00:00	Shakeer Hussain
7 Best Google Docs Alternative for 2024	2022-10-01 00:00:00	Pradeepa somasundaram
Step by Step Guide to Create Sales Documentation	2022-09-30 00:00:00	Gowri Ramkumar
Discussing technical writer career path with Lindsey Gilbert...	2022-09-29 00:00:00	Pradeepa somasundaram
Document Lifecycle: Ensuring Your Documentation Efficiency	2022-09-28 00:00:00	Kingson S
Ultimate Guide to Creating a Training Manuals	2022-09-22 00:00:00	Pradeepa somasundaram
Context Sensitive Help (CSH): What Is It?	2022-09-09 00:00:00	Kingson S
How to Measure the Value of Documentation?	2022-08-30 00:00:00	Selvaraaju Murugesan
How to craft exceptional documentation that attracts and ser...	2022-08-29 00:00:00	Pradeepa somasundaram
What is Application State Management and How Does it Matter?	2022-08-26 00:00:00	Mohamed Shakheen
Internal Documentation: How to Create, Tips & Examples	2022-08-18 00:00:00	Jubina Prabhakaran
Creating a Technical Manual: How, Types & Examples	2022-08-09 00:00:00	Kingson S
Top 7 KnowledgeOwl Alternatives in 2024	2022-08-03 00:00:00	Pradeepa somasundaram
Understanding Documentation Process Workflow with Sue Highmo...	2022-07-22 00:00:00	Gowri Ramkumar
Product Requirements Document: Benefits, Tips & Examples	2022-07-22 00:00:00	Shakeer Hussain
What Do You Need to Succeed as a Technical Writer with Ashok...	2022-07-15 00:00:00	Pradeepa somasundaram
What’s New with Document360: Q2 Release Recap	2022-07-13 00:00:00	Shakeer Hussain
Supercharge SEO with AI Powered Meta Description Generator	2022-07-11 00:00:00	Thiruthani Ravichandran
5 Examples of Customer Self Service Portal	2022-07-08 00:00:00	Jubina Prabhakaran
Top 7 ProProfs Knowledge Base Alternatives in 2024	2022-07-01 00:00:00	Pradeepa somasundaram
Starred Articles and Categories: An Effortless Access	2022-06-24 00:00:00	Thiruthani Ravichandran
Cybersecurity, UX Design, and SEO Documentation with Vivek P...	2022-06-23 00:00:00	Pradeepa somasundaram
10 Best Helpjuice Alternatives to Consider in 2024	2022-06-20 00:00:00	Jubina Prabhakaran
How we redesigned the analytics data processing in Document360	2022-06-15 00:00:00	Hariharan Subramanian
How to Create Project Documentation with Examples & Benefits	2022-06-14 00:00:00	Selvaraaju Murugesan
Building Trust on Blockchain by Writing Great Documentation ...	2022-06-03 00:00:00	Pradeepa somasundaram
Crowdin and Document360: An automated approach to create Mul...	2022-05-31 00:00:00	Shakeer Hussain
Enterprise Knowledge Management: Importance, Methods & Tools	2022-05-30 00:00:00	Sai Dheepika
The Ultimate Guide to Mobile App Customer Support [2024]	2022-05-27 00:00:00	Jubina Prabhakaran
Top 8 Guru Alternatives for Your Teams	2022-05-25 00:00:00	Pradeepa somasundaram
How to use data and analytics in your documentation team	2022-05-19 00:00:00	Selvaraaju Murugesan
Feature Explorer: An intuitive way to enhance product onboar...	2022-05-12 00:00:00	Mohamed Shakheen
Generate More Traffic to Your Document with Kathyana Rule, S...	2022-05-11 00:00:00	Pradeepa somasundaram
Top 7 ClickHelp Alternatives to consider in 2024	2022-05-10 00:00:00	Jubina Prabhakaran
Ultimate Guide to Law firm & Legal knowledge management	2022-05-06 00:00:00	Jubina Prabhakaran
Mastering Open Source Documentation with Abigail McCarthy, S...	2022-05-05 00:00:00	Pradeepa somasundaram
Feature Update: Full Portal Search	2022-05-02 00:00:00	Srividyaranjani Arumugam
Ultimate Guide to Create a Private Wiki	2022-04-26 00:00:00	Pradeepa somasundaram
Leveraging Automation to Create Structural and Consequential...	2022-04-26 00:00:00	Pradeepa somasundaram
Feature Update: Shared articles and Cloned articles	2022-04-22 00:00:00	Srividyaranjani Arumugam
Using Microsoft Teams and Slack as customer-centric tools	2022-04-13 00:00:00	Selvaraaju Murugesan
Developing a More Useful Technical Document with Anusmita Ra...	2022-04-11 00:00:00	Pradeepa somasundaram
Top 6 Bloomfire Alternatives for better Knowledge management	2022-04-10 00:00:00	Jubina Prabhakaran
10 Benefits of Creating SOP for Your Call Center	2022-04-08 00:00:00	Jubina Prabhakaran
Quarterly round-up: A look back into Q1 2022	2022-04-04 00:00:00	Srividyaranjani Arumugam
How to Create an Effective Product Onboarding Process	2022-04-01 00:00:00	Pradeepa somasundaram
Feature Update: Home Page Builder in a Knowledge Base	2022-03-29 00:00:00	Srividyaranjani Arumugam
How we Improved SEO Performance for Document360	2022-03-28 00:00:00	Hariharan Subramanian
Understanding Continuous Integration for Technical Documenta...	2022-03-25 00:00:00	Pradeepa somasundaram
Top 7 Confluence Alternatives to Explore in 2024	2022-03-21 00:00:00	Jubina Prabhakaran
Explicit Knowledge: Definition, Examples, and Methods	2022-03-18 00:00:00	Jubina Prabhakaran
Best Onboarding Practices For New Employee	2022-03-11 00:00:00	Jubina Prabhakaran
Qualities and Requirements to Become a Lead Technical Writer...	2022-03-08 00:00:00	Pradeepa somasundaram
How is knowledge management used in healthcare?	2022-03-04 00:00:00	Pradeepa somasundaram
How to write a Business Requirement Document (BRD)	2022-02-25 00:00:00	Selvaraaju Murugesan
Innovation and Multi-Dimension in Technical Documentation wi...	2022-02-25 00:00:00	Pradeepa somasundaram
How to write inclusive documentation?	2022-02-18 00:00:00	Selvaraaju Murugesan
Top 8 ECommerce Customer Service Best Practices to Follow	2022-02-11 00:00:00	Jubina Prabhakaran
Five-Step Formula for Effective Documentation with Shivam Gu...	2022-02-09 00:00:00	Pradeepa somasundaram
How to Write an Employee Handbook with Examples	2022-02-03 00:00:00	Pradeepa somasundaram
Feature update: Recycle bin in a Knowledge base	2022-02-01 00:00:00	Srividyaranjani Arumugam
How to create a good documentation strategy	2022-01-28 00:00:00	Selvaraaju Murugesan
The Fundamentals of Producing High-Quality Technical Documen...	2022-01-26 00:00:00	Gowri Ramkumar
How to Create Technical Documentation with Examples	2022-01-21 00:00:00	Kingson S
Ultimate Guide to write instruction for User Manual	2022-01-13 00:00:00	Jubina Prabhakaran
Document360’s Year in Review: 2021	2022-01-05 00:00:00	Srividyaranjani Arumugam
How to Create Document and Workflow for Business Process	2021-12-31 00:00:00	Selvaraaju Murugesan
Documentation Planning and Organized Execution with Mark Sel...	2021-12-31 00:00:00	Pradeepa somasundaram
What is Tacit Knowledge: Importance, Benefits & Examples	2021-12-24 00:00:00	Jubina Prabhakaran
Most Popular Online FAQ Tools & Software Compared	2021-12-17 00:00:00	Pradeepa somasundaram
Create High-Quality Technical Content with a Non-Technical B...	2021-12-17 00:00:00	Pradeepa somasundaram
How to re-use your content with Snippets and Variables	2021-12-14 00:00:00	Srividyaranjani Arumugam
15 Best Wiki Software Tools For 2024	2021-12-06 00:00:00	Jubina Prabhakaran
How to enable and use the Integrately Document360 Integration	2021-11-30 00:00:00	Pradeepa somasundaram
What is Knowledge Centered Service (KCS): Complete Guide	2021-11-26 00:00:00	Jubina Prabhakaran
Broadening Your Skill Set as a Technical Writer with Nicola ...	2021-11-26 00:00:00	Pradeepa somasundaram
Importance of Knowledge Management in business model innovation	2021-11-11 00:00:00	Selvaraaju Murugesan
Importance of Page Not Found Analytics in your Knowledge Base	2021-11-03 00:00:00	Srividyaranjani Arumugam
The Role of Artificial Intelligence (AI) in Transforming Tec...	2021-10-29 00:00:00	Gowri Ramkumar
How to analyze knowledge base performance	2021-10-29 00:00:00	Srividyaranjani Arumugam
How to Create An Internal Wiki: Types, Benefits & Tools	2021-10-22 00:00:00	Jubina Prabhakaran
7 challenges in technical writing and how to overcome them	2021-10-15 00:00:00	Kingson S
Importance of business glossary in knowledge management	2021-10-08 00:00:00	Selvaraaju Murugesan
How to use Zapier Integration to Connect your Apps with Docu...	2021-10-01 00:00:00	Pradeepa somasundaram
Managing Documentation Workflows with Matthew Buttler, Senio...	2021-09-29 00:00:00	Gowri Ramkumar
Quarterly round-up: A look back into Q3 2021	2021-09-27 00:00:00	Srividyaranjani Arumugam
How to Manage Internal Communication and Engage with the Cus...	2021-09-15 00:00:00	Gowri Ramkumar
Cool features to improve your knowledge base user experience	2021-09-13 00:00:00	Srividyaranjani Arumugam
Ease your link validation process with Ignore URL	2021-09-03 00:00:00	Srividyaranjani Arumugam
Software VS Hardware Technical Documentation with Idan Engla...	2021-09-01 00:00:00	Gowri Ramkumar
The ultimate guide to help center knowledge base software	2021-08-31 00:00:00	Pradeepa somasundaram
Integrating your chatbot with a knowledge base	2021-08-27 00:00:00	Pradeepa somasundaram
Ticket Deflector Analytics: Measure your Metrics	2021-08-25 00:00:00	Selvaraaju Murugesan
How to beautify your knowledge base site	2021-08-19 00:00:00	Selvaraaju Murugesan
Fundamentals of Creating High-Quality Documentation with Ram...	2021-08-18 00:00:00	Gowri Ramkumar
How to Enhance Internal Communication using a Knowledge Base	2021-08-17 00:00:00	Jubina Prabhakaran
How to optimize the search feature in the knowledge base	2021-08-10 00:00:00	Selvaraaju Murugesan
Building a Promising Technical Writing Career with Michael G...	2021-08-06 00:00:00	Gowri Ramkumar
Top 20 Software Documentation Tools of 2024	2021-07-30 00:00:00	Pradeepa somasundaram
The Importance of Consistency in Technical Documentation Wit...	2021-07-26 00:00:00	Gowri Ramkumar
The benefits of standalone knowledge base software for your ...	2021-07-20 00:00:00	Jubina Prabhakaran
Knowledge base assistant – Your customized 24/7 support	2021-07-16 00:00:00	Selvaraaju Murugesan
Building a Successful Knowledge mapping within Knowledge man...	2021-07-12 00:00:00	Pradeepa somasundaram
Thirty-Three Rules of API Documentation with Robert Delwood,...	2021-07-09 00:00:00	Gowri Ramkumar
How to create Oustanding FAQ pages for your Customer Support?	2021-07-07 00:00:00	Pradeepa somasundaram
AI powered Knowledge base in rapidly changing world	2021-06-30 00:00:00	Selvaraaju Murugesan
How to Document your change management process?	2021-06-29 00:00:00	Jubina Prabhakaran
How to find and fix broken links on your knowledge base	2021-06-28 00:00:00	Document360 Team
What’s new in Document360? – May 2021 Product update	2021-06-24 00:00:00	Kingson S
Managing Distributed, Non-Linear Documentation Workflows wit...	2021-06-24 00:00:00	Gowri Ramkumar
Knowledgeowl vs Document360: All you need to know	2021-06-23 00:00:00	Pradeepa somasundaram
Use tags to organise your knowledge base	2021-06-17 00:00:00	Selvaraaju Murugesan
Process Documentation Guide with Examples & Templates	2021-06-11 00:00:00	Pradeepa somasundaram
Guru Vs Document360 : A Side-by-Side Comparison	2021-06-11 00:00:00	Pradeepa somasundaram
The Role of Technology in Documentation with Andrii Tserkovn...	2021-06-10 00:00:00	Gowri Ramkumar
How to Import Word Document into Knowledge Base	2021-06-08 00:00:00	Selvaraaju Murugesan
Ticket Deflection: The new age coin counter to reduce inboun...	2021-06-02 00:00:00	Pradeepa somasundaram
A Clever Trick to Manage Documentation at Scale	2021-05-31 00:00:00	Selvaraaju Murugesan
Agile Technical Documentation Workflow with Hannah Gilberg, ...	2021-05-27 00:00:00	Gowri Ramkumar
Tips to keep a healthy knowledge base	2021-05-24 00:00:00	Selvaraaju Murugesan
Best practices: Knowledge management in Learning Management ...	2021-05-21 00:00:00	Document360 Team
Single Sign-On (SSO) for Document360 Knowledge Base	2021-05-18 00:00:00	Document360 Team
Three Steps To High Quality Documentation with Jamie Roddy, ...	2021-05-17 00:00:00	Gowri Ramkumar
What’s new in Document360? – April 2021 Product update	2021-05-13 00:00:00	Kingson S
Document360 Awards and Accolades	2021-05-07 00:00:00	Pradeepa somasundaram
Leveraging Artificial Intelligence in knowledge management	2021-04-30 00:00:00	Selvaraaju Murugesan
Architecting User Journey’s with Steve Bream, Document...	2021-04-29 00:00:00	Gowri Ramkumar
How Human & Chatbots can optimize your customer support	2021-04-27 00:00:00	Document360 Team
Drift+ Document360 – The integration that your support...	2021-04-22 00:00:00	Document360 Team
10 Essential Steps in writing SOPs	2021-04-19 00:00:00	Document360 Team
API-First & the OAS Approach for Technical Documentatio...	2021-04-16 00:00:00	Gowri Ramkumar
Top 10 SaaS knowledge base examples to learn from	2021-04-02 00:00:00	Document360 Team
How to Automate Documentation with Patrick Hammond, Project ...	2021-03-31 00:00:00	Gowri Ramkumar
Corporate Wiki Vs Knowledge Base-A Guide For SaaS Business	2021-03-23 00:00:00	Document360 Team
How GitHub Ensures Quality Documentation with Lucie Le Naour...	2021-03-19 00:00:00	Gowri Ramkumar
Remote Onboarding Best Practices for New Hires	2021-03-19 00:00:00	Document360 Team
Microsoft Teams and Document360 – a match made in technology!	2021-03-17 00:00:00	Document360 Team
Knowledge Management in large consulting firms-Mckinsey, Ern...	2021-03-12 00:00:00	Document360 Team
A User-Centric Approach for High-Quality Documentation with ...	2021-03-04 00:00:00	Gowri Ramkumar
Document360 is awarded ’Top Rated Software’ by G2.Com	2021-03-03 00:00:00	Document360 Team
Effective use of a Knowledge Base as a Teaching Supplement	2021-02-22 00:00:00	Document360 Team
The Role of the Editor in Technical Documentation With Mike ...	2021-02-19 00:00:00	Gowri Ramkumar
User-Friendly Documentation with Sara Tilly of Infobip	2021-02-16 00:00:00	Gowri Ramkumar
Document360 Makes it to Latka 250 Fastest Growing SaaS Compa...	2021-02-15 00:00:00	Document360 Team
How an internal knowledge base can fix disrupted communication	2021-02-13 00:00:00	Pradeepa somasundaram
How to write a SOP documentation for internal communications	2021-02-12 00:00:00	Document360 Team
Cookie Consent: Here is all you need to know	2021-02-03 00:00:00	Sruti Sukumar
Documentation Knowledge Management with Patrick Martin, Seni...	2021-02-03 00:00:00	Gowri Ramkumar
Confluence Vs Document360 – A Detailed Comparison	2021-01-29 00:00:00	Document360 Team
Smart Bars – When and where to use during knowledge sharing?	2021-01-27 00:00:00	Document360 Team
Improving Retention (From the First Hello) with Gowri Ramkum...	2021-01-25 00:00:00	Gowri Ramkumar
12 WordPress knowledge base plugins and themes compared	2021-01-22 00:00:00	Document360 Team
Learning Technical Writing with Nikita Dhulekar, a Business ...	2021-01-21 00:00:00	Gowri Ramkumar
Connect Quickly: Document360 + Google Chrome extension	2021-01-18 00:00:00	Kingson S
What’s new in Document360? January 2021 Product update	2021-01-12 00:00:00	Kingson S
Technical Writing Guidelines with Anne Tarnoruder of Synopsys	2021-01-08 00:00:00	Gowri Ramkumar
The benefits of a health sector knowledge management	2021-01-07 00:00:00	Document360 Team
Enable External Forwarding in Microsoft 365	2020-12-29 00:00:00	Saravana Kumar
Choosing a knowledge base for your banking institution	2020-12-27 00:00:00	Document360 Team
Agile Technical Documentation Style Guides with Dr Anu Singh...	2020-12-22 00:00:00	Gowri Ramkumar
Top 11 ecommerce knowledge base examples to learn from	2020-12-17 00:00:00	Document360 Team
The Creative Side of Writing Technical Documentation with Ma...	2020-12-16 00:00:00	Gowri Ramkumar
Essential writing tools to write Manual, Book, or any Document	2020-12-16 00:00:00	Document360 Team
3 Customer Onboarding Best Practices to Improve Your Convers...	2020-12-11 00:00:00	Document360 Team
How To Create Quality Documentation with Manasi Gandhi of IBM	2020-12-02 00:00:00	Gowri Ramkumar
How an Ecommerce Knowledge Base can Supercharge your Business	2020-11-30 00:00:00	Document360 Team
Knowledge Base Management Is A Synonym For Worthy Investment	2020-11-26 00:00:00	Document360 Team
Optimising Technical Writing through Strategic Planning with...	2020-11-19 00:00:00	Gowri Ramkumar
How to create an FAQ Page for Your Company: Tips & Benefits	2020-11-19 00:00:00	Jubina Prabhakaran
The Benefits of Open-sourcing Content with Andrew Etter of A...	2020-11-12 00:00:00	Gowri Ramkumar
What is Software Documentation? Its types and Best practices	2020-11-10 00:00:00	Document360 Team
Unifying the technical documentation with Sadhana S of IBM	2020-11-05 00:00:00	Gowri Ramkumar
Guide to Reduce Customer Support Tickets	2020-10-30 00:00:00	Jubina Prabhakaran
Importance of Formatting and Presentation In Technical Writi...	2020-10-28 00:00:00	Gowri Ramkumar
SaaS Documentation: Drive Your Business Forward	2020-10-22 00:00:00	Document360 Team
Keeping Documentation Simple and Readable with Aditi Khancha...	2020-10-21 00:00:00	Gowri Ramkumar
Customer Service Knowledge Base Best Practices in 7 Steps	2020-10-09 00:00:00	Document360 Team
Innovating In Technical Writing with Marco Cacciacarro from ...	2020-10-07 00:00:00	Gowri Ramkumar
Top Knowledge Management Platform for your Product Documenta...	2020-09-30 00:00:00	Document360 Team
Collaborative Technical Documentation & Technological I...	2020-09-28 00:00:00	Gowri Ramkumar
User-Centric Documentation with Sreya Dutta of Clover Network	2020-09-23 00:00:00	Gowri Ramkumar
The Expert’s Guide To Create A Self-Service Knowledge Base	2020-09-18 00:00:00	Document360 Team
Treating Documentation As A Product And Collaborative Effort...	2020-09-15 00:00:00	Gowri Ramkumar
What’s new in Document360? – August 2020 Product Update	2020-09-14 00:00:00	Saravana Kumar
Manage knowledge base assets using the new Document360 Drive	2020-09-11 00:00:00	Kingson S
Career Trajectories For Technical Writer’s with Jordan...	2020-09-09 00:00:00	Gowri Ramkumar
Building Multilingual Knowledge base using Document360	2020-09-04 00:00:00	Kingson S
Generating Organic Traffic Through Documentation with Arshab...	2020-09-02 00:00:00	Gowri Ramkumar
Best Customer Service Support Tools in 2024	2020-08-28 00:00:00	Jubina Prabhakaran
Being A Startup’s Sole Technical Writer with Sarah Day of ...	2020-08-26 00:00:00	Gowri Ramkumar
Optimizing The Documentation Process with Raghuram Pandurang...	2020-08-19 00:00:00	Gowri Ramkumar
How to Write Standard Operating Procedure with Examples ...	2020-08-16 00:00:00	Saravana Kumar
Do You Really Need Document Management Software?	2020-08-14 00:00:00	Document360 Team
UX Writing & Technical Documentation In A Digital Space...	2020-08-11 00:00:00	Gowri Ramkumar
Top 15 Knowledge Management Software for 2024	2020-08-09 00:00:00	Document360 Team
The Important Factors in Documentation with Rick Teplitz of ...	2020-08-05 00:00:00	Gowri Ramkumar
Essential Qualities Of A Technical Writer With Ellis Pratt o...	2020-07-29 00:00:00	Gowri Ramkumar
Migrate Your Knowledge Base Articles Without Affecting Searc...	2020-07-27 00:00:00	Document360 Team
Knowing Your Documentation Audience with Naomi Papoushado of...	2020-07-22 00:00:00	Gowri Ramkumar
Business Value Of Tech Documentation with Sarah O’Keefe of...	2020-07-15 00:00:00	Gowri Ramkumar
Internal Customer Service Best Practices	2020-07-10 00:00:00	Jubina Prabhakaran
Documentation Being A Factor In The Product Life Cycle with ...	2020-07-08 00:00:00	Gowri Ramkumar
7 Best Examples of User Documentation & Help Guides	2020-07-07 00:00:00	Jubina Prabhakaran
The importance of documentation with Tanja Lorber of Stegman...	2020-07-01 00:00:00	Gowri Ramkumar
Should You Host Your Own Knowledge Base?	2020-06-30 00:00:00	Document360 Team
Technical Writing Strategies with Jack Molisani of  ProSprin...	2020-06-24 00:00:00	Gowri Ramkumar
Looking for alternate to Intercom (Articles) in 2024?	2020-06-19 00:00:00	Saravana Kumar
Developing Your Technical Writing Skills with Andrés Altami...	2020-06-17 00:00:00	Gowri Ramkumar
The Power Of Detailed Documentation with Shilpa Garg of Workday	2020-06-10 00:00:00	Gowri Ramkumar
Five Amazing Key Insights From The Knowledgebase Ninjas Podc...	2020-06-09 00:00:00	Gowri Ramkumar
Best Alternate to Help Scout (Docs)	2020-06-08 00:00:00	Saravana Kumar
Creating Effective Documentation with Raj Kiran of OpenText	2020-06-03 00:00:00	Gowri Ramkumar
The Importance Of User Navigation with David Forsythe of Mav...	2020-05-27 00:00:00	Gowri Ramkumar
Understanding Your User Personas with Aditi Kashikar of Auto...	2020-05-20 00:00:00	Gowri Ramkumar
Five Key Insights From The Knowledgebase Ninjas Podcast In A...	2020-05-15 00:00:00	Gowri Ramkumar
Creating Quality Documentation through Quality Assurance wit...	2020-05-13 00:00:00	Gowri Ramkumar
Why do SaaS companies rely on a customer knowledge base to g...	2020-05-11 00:00:00	Document360 Team
Increasing Documentation Searchability with Gideon Behrensme...	2020-05-06 00:00:00	Gowri Ramkumar
How To Put Your Audience First with Christopher Gales of Splunk	2020-05-01 00:00:00	Gowri Ramkumar
What’s new in Document360? – April 2020 Product Update	2020-04-30 00:00:00	Saravana Kumar
How these Top SaaS companies deliver market-leading customer...	2020-04-30 00:00:00	Document360 Team
How To Improve Your Documentation Process with Sindhu Surent...	2020-04-27 00:00:00	Gowri Ramkumar
The Industries that value Technical Writers the Most	2020-04-24 00:00:00	Document360 Team
Best Way To Process Documentation with Kavitha Kandappan of AMD	2020-04-24 00:00:00	Gowri Ramkumar
The Evolution of Hubspot’s Documentation with Megan Dr...	2020-04-22 00:00:00	Gowri Ramkumar
How a Self-Service Knowledge Base is the Key to Scaling your...	2020-04-17 00:00:00	Document360 Team
Technical Documentation with Tom Johnson of Amazon	2020-04-15 00:00:00	Gowri Ramkumar
Earn the Everlasting Trust of your Customers with a Self-Ser...	2020-04-10 00:00:00	Pradeepa somasundaram
Customer Documentation with Jennifer Lambourne of Monzo Bank	2020-04-08 00:00:00	Gowri Ramkumar
What’s new in Document360? – Q1 2020 product update	2020-04-05 00:00:00	Saravana Kumar
Training Documentation Specialist with Keith Johnson of Info...	2020-04-03 00:00:00	Gowri Ramkumar
The Importance Of CSAT Score with Allan Duquette of Proposify	2020-04-01 00:00:00	Gowri Ramkumar
What If You’d Switch To A Knowledge Base Instead of Wiki?	2020-03-27 00:00:00	Document360 Team
User Documentation with Karissa Van Baulen, Support Speciali...	2020-03-27 00:00:00	Gowri Ramkumar
How To Get Into Technical Writing With Colum McAndrew of Mim...	2020-03-25 00:00:00	Gowri Ramkumar
How Document360 can help improve Remote Work and Internal Co...	2020-03-23 00:00:00	Saravana Kumar
9 Customer Support Faux Pas That Enrage Customers (And What ...	2020-03-19 00:00:00	Document360 Team
Convincing your Developers to Write Technical Product Docume...	2020-03-13 00:00:00	Document360 Team
Minimizing Content With Gavin Austin of Salesforce	2020-03-11 00:00:00	Gowri Ramkumar
Finding The time To Write Software Documentation In A Busy S...	2020-03-06 00:00:00	Document360 Team
Managing Shareholders With Chris Ward of Ethereum	2020-03-04 00:00:00	Gowri Ramkumar
Transform Haters Into Advocates: The Power Of Customer Suppo...	2020-02-28 00:00:00	Document360 Team
Documentation Is An Option With Aaron Collier of Kiwi.com	2020-02-26 00:00:00	Gowri Ramkumar
8 Reasons That Companies Fail To Adopt Self-Service Support ...	2020-02-22 00:00:00	Document360 Team
Unnecessary Words With Nick Whittaker of Wolters Kluwer	2020-02-19 00:00:00	Gowri Ramkumar
Writers Should Write Less With Nibu Thomas of Whatfix	2020-02-12 00:00:00	Gowri Ramkumar
5 real-life examples of Knowledge Management success you can...	2020-02-11 00:00:00	Catherine Heath
How to turn off URL previews in Microsoft Teams?	2020-01-31 00:00:00	Document360 Team
Users Want Self Help With Khurshid Alam of Quick Heal Techno...	2020-01-31 00:00:00	Gowri Ramkumar
Documentation Isn’t Just One Thing With Daniele Procida of...	2020-01-31 00:00:00	Gowri Ramkumar
Improving Software Documentation With Arjan Ros of Reynen Co...	2020-01-31 00:00:00	Gowri Ramkumar
Welcome To Knowledgebase Ninjas With Saravana Kumar of Docum...	2020-01-31 00:00:00	Gowri Ramkumar
Introductory Guide to Markdown for Documentation Writers	2020-01-31 00:00:00	Catherine Heath
Top 10 Must-Attend International SaaS Conferences in 2020 an...	2020-01-22 00:00:00	Pradeepa somasundaram
Creating the Perfect Style Guide for your SaaS Knowledge Base	2020-01-11 00:00:00	Document360 Team
Recap of 2019 — Document360	2020-01-03 00:00:00	Pradeepa somasundaram
Top Email Software to Advance Your Customers’ Knowledge Base	2019-12-19 00:00:00	Christeen Paul
Deep dive into your customers’ psyche with knowledge base ...	2019-12-12 00:00:00	Document360 Team
Using a Knowledge Base To Drive SaaS Business Growth	2019-12-02 00:00:00	Document360 Team
What to put beneath your support— HelpCenter (+Examples)	2019-11-29 00:00:00	Pradeepa somasundaram
Insights from NASSCOM Product Conclave: 2019	2019-11-15 00:00:00	Venkatraman Chandrasekaran
From an idea to over 100 paying customers in less than 2 years	2019-11-13 00:00:00	Saravana Kumar
Need Help? Sort it with the In-App assistance	2019-11-01 00:00:00	Pradeepa somasundaram
Product Hunt Launch - The D-Day preparation!	2019-10-29 00:00:00	Saravana Kumar
SaaStock 2019 recap: 7 steps to stand out Success	2019-10-21 00:00:00	Pradeepa somasundaram
What Are Technical Writing Tools?	2019-10-11 00:00:00	Document360 Team
How to Create a Knowledge Base in 9 Easy Steps	2019-10-03 00:00:00	Document360 Team
How to Create an Internal Knowledge Base	2019-10-02 00:00:00	Document360 Team
5 Best Knowledge Management System Examples	2019-10-01 00:00:00	Jubina Prabhakaran
What is Call Center Knowledge Base Software and Why is it Us...	2019-09-30 00:00:00	Document360 Team
Zoho Knowledge Base Software Alternatives You Should Consider	2019-09-27 00:00:00	Pradeepa somasundaram
Complete Attendee Guide to SaaStock2019,Dublin	2019-09-26 00:00:00	Pradeepa somasundaram
How to Unlock the True Power of a Knowledge Sharing Platform	2019-09-23 00:00:00	Document360 Team
7 Best Knowledge-Sharing Tools in 2024	2019-09-20 00:00:00	Document360 Team
Why Knowledge Sharing Tools Are Critical to Reducing Interna...	2019-09-18 00:00:00	Document360 Team
“Docs-like-code” or “Docs-as-code” – Is it worth the hassle?	2019-09-18 00:00:00	Saravana Kumar
How to write the perfect error message- WritetheDocs 2019, P...	2019-09-16 00:00:00	Pradeepa somasundaram
What the Modern Customer Expects From SAAS Customer Support	2019-09-05 00:00:00	Document360 Team
5 Great Ways to Maximize Knowledge Sharing in Your Business	2019-09-04 00:00:00	Document360 Team
How Knowledge Sharing Tools Empower Your Employees	2019-09-03 00:00:00	Document360 Team
5 Great Ways to Develop Top-Quality SAAS Customer Support	2019-09-02 00:00:00	Document360 Team
5 Tools Commonly Used In Knowledge Management	2019-08-22 00:00:00	Jubina Prabhakaran
Step By Step Guide To Creating Knowledge Sharing Culture in ...	2019-08-21 00:00:00	Jubina Prabhakaran
How to Get Employee Buy-In for Your Knowledge Base	2019-08-20 00:00:00	Document360 Team
How Social Media Helps Deliver Great Customer Support	2019-08-19 00:00:00	Document360 Team
Why Developing a Knowledge Sharing Culture Is Critical for Y...	2019-08-16 00:00:00	Document360 Team
How a Knowledge Sharing Platform Upskills Your Workforce	2019-08-15 00:00:00	Document360 Team
The Importance of Knowledge Sharing: Why Your Employees Need...	2019-08-14 00:00:00	Document360 Team
The Definition of Knowledge Sharing – Just What Is It?	2019-08-13 00:00:00	Document360 Team
The Best Customer Support Tools to Achieve Business Success	2019-08-12 00:00:00	Document360 Team
The Essential Customer Experience Support Tools You Need to ...	2019-08-08 00:00:00	Document360 Team
Top 10 Tips for Great Technical Writing	2019-08-01 00:00:00	Document360 Team
How Knowledge Management Application Tools Improve Employee ...	2019-07-26 00:00:00	Document360 Team
The Critical Role of Online Customer Support Tools	2019-07-25 00:00:00	Document360 Team
The Role of Metrics in SAAS Customer Support	2019-07-24 00:00:00	Document360 Team
How You Can Develop a Knowledge Sharing Culture in Your Busi...	2019-07-23 00:00:00	Document360 Team
SAAS Customer Support Best Practices Quick Guide	2019-07-22 00:00:00	Document360 Team
How Customer Support Tools for Social Media Can Take Your Cu...	2019-07-20 00:00:00	Document360 Team
The SAAS Customer Support Metrics You Need to Measure	2019-07-19 00:00:00	Document360 Team
Embracing the Data: The SAAS Customer Support Metrics You Ne...	2019-07-19 00:00:00	Document360 Team
How Knowledge Sharing in Your Organization Improves Performance	2019-07-19 00:00:00	Document360 Team
Why You Can’t Ignore the Benefits of Knowledge Sharing Tec...	2019-07-18 00:00:00	Document360 Team
Why Defining Your SAAS Customer Support Metrics Is Key to Su...	2019-07-17 00:00:00	Document360 Team
The Definition of Knowledge Management Tools: Just what are ...	2019-07-16 00:00:00	Document360 Team
5 SAAS Customer Support Costs You Can’t Afford to Ignore	2019-07-15 00:00:00	Document360 Team
The Secrets to Reducing Your SAAS Customer Support Costs	2019-07-11 00:00:00	Document360 Team
Embracing the Data: The SAAS Customer Support Metrics You Ne...	2019-07-10 00:00:00	Document360 Team
How to Manage Your SAAS Customer Support Costs	2019-07-09 00:00:00	Document360 Team
Unlock the Full Potential of Your Expertise with a Knowledge...	2019-07-08 00:00:00	Document360 Team
The Benefits of Adopting Knowledge Management Tools and Tech...	2019-07-05 00:00:00	Document360 Team
How Knowledge Management Will Evolve in 2019	2019-07-04 00:00:00	Document360 Team
5 Ways Customer Service Skills Influence Your Bottom Line	2019-06-28 00:00:00	Document360 Team
Why Customer Service Skills are critical to your business su...	2019-06-17 00:00:00	Tom Hooker
The Role of Customer Service in the Digital World	2019-06-14 00:00:00	Tom Hooker
How Knowledge Management Reduces Your Service Costs	2019-06-14 00:00:00	Tom Hooker
Why Knowledge Management is key to helping your customers he...	2019-06-10 00:00:00	Jade Emmons
How Knowledge Management Can Help You and Your Customers	2019-05-24 00:00:00	Tom Hooker
The power of Knowledge Management: Why you need to document ...	2019-05-24 00:00:00	Jade Emmons
Where to Find Ideas for Knowledge Base Articles	2019-04-26 00:00:00	Jade Emmons
Mar 2019 Product Update	2019-04-25 00:00:00	Vishnu Balachandran
Top 9 Document Collaboration tools for Growing Teams	2019-04-23 00:00:00	Tom Hooker
Top 5 Customer Feedback Tools Compared	2019-04-12 00:00:00	Jade Emmons
B2B Marketing Expo 2019- London	2019-04-01 00:00:00	Rochelle Saldanha
Top Tools for Managing Remote Customer Support Teams	2019-03-29 00:00:00	Tom Hooker
10 essential customer service skills that drive business growth	2019-03-26 00:00:00	Catherine Heath
5 Effective Ways To Get Your Customer To Provide Feedback	2019-03-22 00:00:00	Jade Emmons
Open Source Help Authoring Tools: The Pros and Cons	2019-03-15 00:00:00	Jade Emmons
Feb 2019 Product Update – File Manager, Notification c...	2019-03-14 00:00:00	Vishnu Balachandran
Why “FREE” Isn’t Your Answer to Help Authoring Tools	2019-03-13 00:00:00	Catherine Heath
Feature Spotlight – API in Document360	2019-03-11 00:00:00	Rochelle Saldanha
Best Help Authoring Tools for Growing Tech Teams	2019-03-08 00:00:00	Catherine Heath
Key differences between Adobe RoboHelp and Document360	2019-03-01 00:00:00	Catherine Heath
Best Affordable SaaS Customer Support Software	2019-02-20 00:00:00	Tom Hooker
Feature Spotlight – File Manager in Document360	2019-02-18 00:00:00	Rochelle Saldanha
3 Crucial Disadvantages to HelpNDoc Help Authoring Tool	2019-02-18 00:00:00	Catherine Heath
What Is SaaS Customer Support?	2019-02-16 00:00:00	Tom Hooker
What is Customer Churn and 9 Proven Ways to Reduce It	2019-02-15 00:00:00	Noel Ceta
Why did we implement the emoji icons in Document360?	2019-02-12 00:00:00	Haripriya Loganathan
Import and Export Documentation within Document360	2019-02-12 00:00:00	Kuzhali Maheswaran
Feature Spotlight – Notifications in Document360	2019-02-12 00:00:00	Rochelle Saldanha
How to Measure SaaS Customer Success	2019-02-11 00:00:00	Tom Hooker
January 2019 Product Update: Notification channel, @mention...	2019-02-08 00:00:00	Vishnu Balachandran
Feature Spotlight – Analytics in Document360	2019-02-04 00:00:00	Rochelle Saldanha
Feature Spotlight – Custom Footer Navigation in Document360	2019-01-28 00:00:00	Rochelle Saldanha
What are the Biggest Customer Service Challenges Faced? Solu...	2019-01-25 00:00:00	Murali S
Feature Spotlight – Markdown Editor in Document360	2019-01-24 00:00:00	Rochelle Saldanha
How Analytics Plays a Vital Role in Documentation?	2019-01-16 00:00:00	Vishnu Balachandran
Best Help Authoring Tools (HAT) & Software Compared	2019-01-14 00:00:00	Catherine Heath
How Caching works in Document360?	2019-01-11 00:00:00	Sunny Sharma
December 2018 Product Update: Analytics, Related Articles, C...	2019-01-10 00:00:00	Sunny Sharma
Top 10 International SaaS Conferences You Should Attend in 2...	2019-01-02 00:00:00	Document360 Team
5 Ways Your SaaS Customer Support Team Can Save Time	2018-12-28 00:00:00	Tom Hooker
Saravana Kumar, Founder & CEO Talks About the Inspirati...	2018-12-26 00:00:00	Helen Sheeba
Document360’s Feature Spotlight – Category Manager	2018-12-20 00:00:00	Rochelle Saldanha
10 Knowledge Base Software Best Practice Examples	2018-12-19 00:00:00	Catherine Heath
What Is a Knowledge Base and Why Do I Need One?	2018-12-18 00:00:00	Noel Ceta
How to SEO Your Knowledge Base Articles	2018-12-17 00:00:00	Jade Emmons
November 2018 Product Update: Caching, Author Page, Offline ...	2018-12-10 00:00:00	Helen Sheeba
Best Practices to Improve Knowledge Base Information Archite...	2018-12-07 00:00:00	Tom Hooker
Free Internal Knowledge Base Software Options Reviewed	2018-12-07 00:00:00	Tom Hooker
Using Zendesk Internal Knowledge Base? Here are the Pros and...	2018-12-06 00:00:00	Tom Hooker
Document360’s Feature Spotlight – How to Configure C...	2018-12-05 00:00:00	Rochelle Saldanha
Document360’s Feature Spotlight – How to Add Custom CSS ...	2018-11-29 00:00:00	Rochelle Saldanha
5 Internal Knowledge Base Software Options Reviewed	2018-11-29 00:00:00	Tom Hooker
5 Examples of Outstanding SaaS Customer Support	2018-11-29 00:00:00	Tom Hooker
The Important Differences Between Help Desk and Knowledge Ba...	2018-11-22 00:00:00	Jade Emmons
Grab Document360 at a Huge Discount – Black Friday  ...	2018-11-22 00:00:00	Helen Sheeba
Document360’s Feature Spotlight – Bulk Operations	2018-11-16 00:00:00	Rochelle Saldanha
Open Source Knowledge Base: What’s it, Benefits & Top Tools	2018-11-15 00:00:00	Jade Emmons
10 Customer Support Best Practices for SaaS Companies	2018-11-13 00:00:00	Jade Emmons
Document360’s Feature Spotlight – Backup and Restore	2018-11-08 00:00:00	Rochelle Saldanha
October 2018 Product Update: Edit and Undo Published Article...	2018-11-02 00:00:00	Helen Sheeba
Strategic Approach to Use Knowledge Base as Marketing Tool (...	2018-10-24 00:00:00	Noel Ceta
Document360’s Action Plans after SaaStock 2018	2018-10-23 00:00:00	Duncan Barker
Document360’s Feature Spotlight – Private Knowledge Base	2018-10-15 00:00:00	Rochelle Saldanha
Complete Attendee Guide to SaaStock 2018	2018-10-10 00:00:00	Pradeepa somasundaram
The Ins and Outs of Using Markdown for Technical Writing	2018-10-09 00:00:00	Catherine Heath
6 Effective Team Collaboration Tools for Internal Communication	2018-10-04 00:00:00	Catherine Heath
September 2018 Product Update: UI Revamp, Bulk Operation and...	2018-10-01 00:00:00	Rochelle Saldanha
Document360’s Feature Spotlight – Landing Page	2018-09-27 00:00:00	Rochelle Saldanha
Learn the Knowledge Base Best Practices from Twilio’s Deve...	2018-09-25 00:00:00	Catherine Heath
Document360’s Feature Spotlight – Versioning	2018-09-18 00:00:00	Rochelle Saldanha
The Biggest Drawbacks of Using Wiki as Knowledge Base Software	2018-09-06 00:00:00	Christina Comben
August 2018 Product Update: Landing Page with Category Secti...	2018-09-03 00:00:00	Rochelle Saldanha
New Chrome “Not Secure” Warning has Consequences...	2018-08-16 00:00:00	Catherine Heath
Online Knowledge Base Best Practices	2018-08-06 00:00:00	Christina Comben
July 2018 Product Update: Article Search in Portal, Category...	2018-08-03 00:00:00	Sriram Hariharan
How to Integrate Your Self-service Support and One-on-one Su...	2018-07-31 00:00:00	Catherine Heath
Why Document360 is better than INTERCOM Articles for Knowled...	2018-07-26 00:00:00	Catherine Heath
Top 5 Uses of Best Knowledge Base Tools for SaaS Product	2018-07-19 00:00:00	Christina Comben
Our Experiences With Algolia QPS Violation	2018-07-18 00:00:00	Sunny Sharma
Disadvantage of Using Free Knowledge Base Software for Your ...	2018-07-17 00:00:00	Catherine Heath
Beginners Guide to Knowledge Base Organisation in a Structur...	2018-07-12 00:00:00	Christina Comben
13 Most Popular Tools for Technical Writing	2018-07-11 00:00:00	Sriram Hariharan
Pros and Cons of SharePoint Knowledge Base Software	2018-07-05 00:00:00	Catherine Heath
June 2018 Product Update: SSL for Custom Domain, Embedding V...	2018-07-04 00:00:00	Sriram Hariharan
6 Simple Steps to Build Perfect Knowledge Base Content Strategy	2018-07-03 00:00:00	Christina Comben
Breakfast meeting with Adi Tatarko (Founder of Houzz) –...	2018-06-29 00:00:00	Saravana Kumar
What Value Does an Independent SaaS Knowledge Base Software ...	2018-06-27 00:00:00	Saravana Kumar
Top 20+ SaaS Products For Startups To Consider	2018-06-22 00:00:00	Sriram Hariharan
7 Ways to Optimize Your Knowledge Base Content to Get More V...	2018-06-21 00:00:00	Christina Comben
Super Handy Publishing Checklist for SaaS User Documentation	2018-06-19 00:00:00	Catherine Heath
Document360 at Startup Grind Europe Conference, London 2018	2018-06-14 00:00:00	Rochelle Saldanha
Document360 at Kent B2B Ashford Event 2018 – A Recap	2018-06-12 00:00:00	Rochelle Saldanha
May 2018 Product Update: Pricing Subscription Plans, Private...	2018-06-06 00:00:00	Sriram Hariharan
Knowledge Base Analysis of 8 Top SaaS Companies	2018-06-05 00:00:00	Catherine Heath
GDPR Update: How We’re Taking Care of Your Data	2018-05-31 00:00:00	Gowri Ramkumar
7 Benefits of Having a Good Knowledge Base	2018-05-29 00:00:00	Christina Comben
Tear Down of Hubspot’s Terrifically Comprehensive Know...	2018-05-23 00:00:00	Catherine Heath
How to Write an Incredible Knowledge Base Article	2018-05-17 00:00:00	Christina Comben
Recap of Write the Docs Portland Conference 2018	2018-05-15 00:00:00	Catherine Heath
16 Knowledge Base Trends & Statistics To Consider in 2024	2018-05-08 00:00:00	Christina Comben
Tear Down of Stripe’s Legendary Developer Knowledge Base	2018-05-01 00:00:00	Catherine Heath
How to Understand What Your Customers are Searching for in Y...	2018-04-24 00:00:00	Christina Comben
7 Reasons Your Knowledge Base Will Increase Productivity	2018-04-19 00:00:00	Christina Comben
SaaS Knowledge Base Solutions: Are They Worth It?	2018-04-16 00:00:00	Catherine Heath
Where Can I Get Ideas for My Knowledge Base?	2018-04-11 00:00:00	Christina Comben
5 Excuses for Not Having Company Knowledge Base Software	2018-04-04 00:00:00	Christina Comben
Using WordPress as Knowledge Base: The Good, The Bad and The...	2018-03-30 00:00:00	Catherine Heath
Super SEO Tactics to Optimize Your Knowledge Base for Search	2018-03-20 00:00:00	Catherine Heath
How to Create a Good Internal Knowledge Base	2018-03-15 00:00:00	Christina Comben
7 Essential Features to Look for in a Knowledge Base Software	2018-03-08 00:00:00	Christina Comben
How to Create an Intuitive Product Documentation for Your Cu...	2018-02-28 00:00:00	Catherine Heath
Today’s Customers Prefer Self-service Over the Human Touch	2018-02-22 00:00:00	Catherine Heath
Adapt the “Docs Like Code” Approach to Supercharge Your ...	2018-02-14 00:00:00	Catherine Heath
Make Documentation a Core Part of Your Minimum Viable Product	2018-02-09 00:00:00	Catherine Heath
How to Outsource Your SaaS Product Documentation to Freelancers	2018-02-06 00:00:00	Lisamarie Lamb
The Untapped Power of Product Documentation for Marketing Yo...	2018-02-02 00:00:00	Catherine Heath
Agile SaaS Documentation: 5 Key Principles to Supercharge Yo...	2018-01-30 00:00:00	Catherine Heath
Create Killer SaaS Product Documentation for Your Customers	2018-01-23 00:00:00	Catherine Heath
Birth of Document360 – The Inside Story Behind Our 14 ...	2017-12-19 00:00:00	Saravana Kumar
