Title	publication_date	Blog_author	Keywords
Understanding ITIL Change Management: An Essential Guide	2024-01-12 00:00:00	Josh Brown	understanding, itil, change
What is Microlearning? Benefits, Examples, & Strategies	2024-01-10 00:00:00	Josh Brown	microlearning?, benefits,, examples,
People, Process, Technology: A Framework for 2024	2024-01-09 00:00:00	Josh Brown	people,, process,, technology:
The Change Control Process: How to Navigate Changes Effectively	2024-01-12 00:00:00	David Karinguri	change, control, process:
Mastering the Product Development Process: A Guide for Success	2024-01-08 00:00:00	Josh Brown	mastering, product, development
Creating an Operation & Maintenance Manual: Best Practices	2023-12-29 00:00:00	Josh Brown	creating, operation, &
Best Learning Portals: Top Choices for Effective Online Learning	2024-01-10 00:00:00	David Karinguri	best, learning, portals:
Guide to Technical Documentation Templates: Improve Efficiency & Clarity	2023-12-19 00:00:00	Josh Brown	guide, technical, documentation
9 Best ProProfs Alternatives	2024-01-12 00:00:00	David Karinguri	9, best, proprofs
7 Proven Strategies for Effective Ticket Queue Management	2023-12-15 00:00:00	Josh Brown	7, proven, strategies
Free SOP Templates You Can Use Today	2023-12-13 00:00:00	Josh Brown	free, sop, templates
Planning a Successful Software Implementation Rollout	2023-12-12 00:00:00	Josh Brown	planning, successful, software
Single Source of Truth: The Key to a Knowledge-Centric Culture	2023-12-11 00:00:00	Josh Brown	single, source, truth:
Looking for OneNote Alternatives? See the 8 Best for 2024	2023-12-12 00:00:00	David Karinguri	looking, onenote, alternatives?
Building an Ecommerce Knowledge Base for Better Support	2023-11-30 00:00:00	Josh Brown	building, ecommerce, knowledge
How Generative AI Is Revolutionizing Knowledge Management	2023-11-29 00:00:00	Matt Duczeminski	generative, ai, revolutionizing
Building a Better Knowledge Base: Top Best Practices	2023-11-30 00:00:00	David Karinguri	building, better, knowledge
13 Best Customer Retention Software Platforms	2023-11-21 00:00:00	Josh Brown	13, best, customer
Change Management Training Essentials: Step-by-Step Guide	2023-11-18 00:00:00	Matt Duczeminski	change, management, training
How to Create a Knowledge Base in SharePoint	2023-11-17 00:00:00	Josh Brown	create, knowledge, base
Leveraging Knowledge Base Metrics for Maximum Impact	2023-11-15 00:00:00	Josh Brown	leveraging, knowledge, base
Crafting a Knowledge Base Content Strategy That Connects	2023-11-14 00:00:00	Josh Brown	crafting, knowledge, base
What Makes an Effective Employee Intranet?	2023-11-27 00:00:00	David Karinguri	makes, effective, employee
The Role of Help Desk Knowledge Bases	2023-11-06 00:00:00	Josh Brown	role, help, desk
Unlocking the Potential of AI Knowledge Bases	2023-11-02 00:00:00	Josh Brown	unlocking, potential, ai
The Best 12 Change Management Software Platforms	2023-11-17 00:00:00	Matt Duczeminski	best, 12, change
What is Legal Process Outsourcing (LPO)?	2023-11-01 00:00:00	Josh Brown	legal, process, outsourcing
Improve Employee Performance: A Guide for Managers	2023-10-30 00:00:00	Josh Brown	improve, employee, performance:
Implicit Knowledge: Definition and Importance	2023-10-27 00:00:00	Josh Brown	implicit, knowledge:, definition
Empower Your HR Team with Knowledge Management	2023-11-09 00:00:00	David Karinguri	empower, hr, team
Guide to Training Call Center Agents [2023]	2023-10-25 00:00:00	Kiran  Shahid	guide, training, call
Encourage Knowledge Retention During Hyper-Growth Mode	2023-10-25 00:00:00	Josh Brown	encourage, knowledge, retention
Orientation Training Program Essentials: A Simple Guide	2023-10-19 00:00:00	Josh Brown	orientation, training, program
Best Microlearning Platforms for Efficient Learning (2023)	2023-10-31 00:00:00	David Karinguri	best, microlearning, platforms
The Best User Manual Software to Streamline Documentation	2023-10-16 00:00:00	Josh Brown	best, user, manual
The Significance of Product Knowledge in Customer Service	2023-10-15 00:00:00	Josh Brown	significance, product, knowledge
Creating a Customer Service Training Manual for Frontline Success	2023-10-14 00:00:00	Josh Brown	creating, customer, service
Operational Improvement: Guide to Continuous Growth	2024-01-12 00:00:00	Josh Brown	operational, improvement:, guide
Best Knowledge Management Software for Call Centers	2023-09-29 00:00:00	Josh Brown	best, knowledge, management
Knowledge Management: The Key to Call Center Excellence	2023-09-29 00:00:00	Josh Brown	knowledge, management:, key
Knowledge Management Metrics: The Key to KM Success	2023-09-28 00:00:00	Josh Brown	knowledge, management, metrics:
Best Knowledge Management Software for Law Firms	2023-09-26 00:00:00	Kiran  Shahid	best, knowledge, management
Employee Training Methods: Which One is Right for Your Team?	2023-09-20 00:00:00	Josh Brown	employee, training, methods:
The Best Enterprise Collaboration Software to Boost Productivity	2023-09-15 00:00:00	Josh Brown	best, enterprise, collaboration
The 7 Best API Documentation Tools	2023-09-14 00:00:00	Josh Brown	7, best, api
12 Essential Tools for Technical Writing	2023-09-26 00:00:00	Josh Brown	12, essential, tools
Mastering the Art of Tracking Employee Training Progress	2023-08-31 00:00:00	Josh Brown	mastering, art, tracking
The 7 Best Knowledge Sharing Tools of 2023	2023-08-25 00:00:00	Josh Brown	7, best, knowledge
Why Legal Knowledge Management is a Must for Law Firms	2023-08-17 00:00:00	Josh Brown	legal, knowledge, management
How to Write a Technical Specification Document With Examples	2023-08-11 00:00:00	Josh Brown	write, technical, specification
Why Customer Service Outsourcing is a Game-Changer	2023-08-07 00:00:00	Josh Brown	customer, service, outsourcing
SOP Training: Boost Productivity with Effective Processes	2023-08-03 00:00:00	Josh Brown	sop, training:, boost
Agile Documentation: Best Practices for Success	2023-08-02 00:00:00	Josh Brown	agile, documentation:, best
Boost Your Business With the Right Enterprise LMS	2023-09-14 00:00:00	Josh Brown	boost, business, right
Understanding the 7 Types of Knowledge: An In-Depth Guide	2023-10-27 00:00:00	Josh Brown	understanding, 7, types
Information Management vs Knowledge Management	2023-07-19 00:00:00	Josh Brown	information, management, vs
Mastering Knowledge Creation for Business Innovation and Growth	2023-07-18 00:00:00	Josh Brown	mastering, knowledge, creation
How to Effectively Manage Cross-Functional Project Teams	2023-07-18 00:00:00	Josh Brown	effectively, manage, cross-functional
The Future of Call Centers: Why a Knowledge Base is Key	2023-07-18 00:00:00	Kiran  Shahid	future, call, centers:
Knowledge Management in the Healthcare Industry	2023-07-14 00:00:00	Matt Duczeminski	knowledge, management, healthcare
How to Create User-Friendly Technical Manuals	2023-07-11 00:00:00	David Karinguri	create, user-friendly, technical
Big Data & Knowledge Management: Benefits + How-To	2023-10-20 00:00:00	Josh Brown	big, data, &
Guide to Customer Service Knowledge Management	2023-06-30 00:00:00	Josh Brown	guide, customer, service
Enterprise Knowledge Management: A Quick Guide	2023-06-30 00:00:00	Kiran  Shahid	enterprise, knowledge, management:
The Power of Knowledge Management for Government	2023-06-29 00:00:00	Josh Brown	power, knowledge, management
Business Development: Propel Your Company's Growth	2023-10-17 00:00:00	Josh Brown	business, development:, propel
How to Build a Robust Knowledge Management Strategy	2023-06-27 00:00:00	Josh Brown	build, robust, knowledge
11 Best Standard Operating Procedure (SOP) Software in 2024	2023-12-14 00:00:00	David Karinguri	11, best, standard
Coda vs Notion: A Comprehensive Guide	2023-06-24 00:00:00	Josh Brown	coda, vs, notion:
Crafting a Growth-Focused Performance Review	2023-06-21 00:00:00	Josh Brown	crafting, growth-focused, performance
Best Employee Training Software to Nurture Your Employees	2023-06-16 00:00:00	Kiran  Shahid	best, employee, training
We Tested 5 GitBook Alternatives: The Best Revealed	2023-06-16 00:00:00	David Karinguri	tested, 5, gitbook
The Best Workflow Apps for Efficiency & Collaboration	2023-06-09 00:00:00	Josh Brown	best, workflow, apps
Mastering Customer Success Metrics: Key Insights for Growth	2023-06-08 00:00:00	Josh Brown	mastering, customer, success
Dismantling Data Silos: The Key to Unified Customer Data	2023-06-07 00:00:00	Josh Brown	dismantling, data, silos:
The 9 Best Google Workspace Alternatives in 2023	2023-10-17 00:00:00	Josh Brown	9, best, google
AI and Customer Service: Automating Customer Support	2023-06-08 00:00:00	Matt Duczeminski	ai, customer, service:
How to Manage Scope Creep: A Project Roadmap	2023-06-02 00:00:00	Josh Brown	manage, scope, creep:
Crafting an Effective Sales Enablement Content Strategy	2023-06-01 00:00:00	Josh Brown	crafting, effective, sales
Knowledge Based Systems: Definition & Business Impact	2023-05-31 00:00:00	Josh Brown	knowledge, based, systems:
Recipe for Success: How to Eliminate Knowledge Gaps	2023-07-18 00:00:00	David Karinguri	recipe, success:, eliminate
The 7 Best WalkMe Alternatives in 2023	2023-05-31 00:00:00	David Karinguri	7, best, walkme
We Tried the Best Guru Alternatives. The Top 11 Are...	2023-07-01 00:00:00	Josh Brown	tried, best, guru
Creating a User-Friendly Troubleshooting Guide: Tips & Tricks	2023-05-22 00:00:00	Josh Brown	creating, user-friendly, troubleshooting
Customer Service Strategies: Enhancing Loyalty & Growth	2023-05-22 00:00:00	Josh Brown	customer, service, strategies:
Explicit Knowledge: How to Best Capture and Transfer It	2023-10-17 00:00:00	Josh Brown	explicit, knowledge:, best
7 Ways to Reduce Call Center Volume [2023]	2023-05-15 00:00:00	Josh Brown	7, ways, reduce
Building a Strong Knowledge Management Framework	2023-06-01 00:00:00	Kiran  Shahid	building, strong, knowledge
Crafting a Winning Communication Plan (With Templates)	2023-10-31 00:00:00	Kiran  Shahid	crafting, winning, communication
Key Knowledge Management Best Practices for Success	2023-10-17 00:00:00	Josh Brown	key, knowledge, management
The Power of Continuous Learning in the Workplace	2023-04-25 00:00:00	Josh Brown	power, continuous, learning
Process Improvement Plans: A Step-by-Step Guide	2023-04-20 00:00:00	Josh Brown	process, improvement, plans:
Customer Success Software: The Best Solutions in 2023	2023-06-09 00:00:00	Kiran  Shahid	customer, success, software:
How to Create an Effective Employee Development Plan	2023-04-10 00:00:00	Josh Brown	create, effective, employee
Employee Development Guide: How to Maximize Employee Potential	2023-05-18 00:00:00	Josh Brown	employee, development, guide:
Customer Service Training: Effective Techniques for Success	2023-03-21 00:00:00	Kiran  Shahid	customer, service, training:
Mastering the Art of Product Onboarding: From Start to Finish	2023-06-30 00:00:00	Josh Brown	mastering, art, product
The 10 Best OneDrive Alternatives for Secure File Storage	2023-03-14 00:00:00	Josh Brown	10, best, onedrive
The Best 7 Archbee Alternatives and Competitors [2023]	2023-06-16 00:00:00	Josh Brown	best, 7, archbee
How to Create Engaging Training Videos for Your Employees	2023-04-17 00:00:00	Matt Duczeminski	create, engaging, training
From Chaos to Clarity: Streamlining Workflow Documentation	2023-06-28 00:00:00	David Karinguri	chaos, clarity:, streamlining
IT Documentation 101: A Beginner's Guide to Effective Documentation	2023-03-03 00:00:00	Belma Vranovic	documentation, 101:, beginner's
Onboarding Documentation: How to Welcome New Hires	2023-04-20 00:00:00	David Karinguri	onboarding, documentation:, welcome
Mastering Runbooks: A Comprehensive Guide for IT Pros	2023-02-24 00:00:00	Kiran  Shahid	mastering, runbooks:, comprehensive
Best Trainual Alternatives for Employee Training and Onboarding	2023-03-07 00:00:00	Belma Vranovic	best, trainual, alternatives
Mastering Sprint Planning: Best Practices for Effective Meetings	2023-02-21 00:00:00	Josh Brown	mastering, sprint, planning:
Process Mapping 101: Simplified Guide to Maximizing Efficiency	2023-02-03 00:00:00	Josh Brown	process, mapping, 101:
Scrum Master's Toolkit: The Best Sprint Planning Tools in 2023	2023-06-16 00:00:00	Kiran  Shahid	scrum, master's, toolkit:
OneDrive vs Google Drive: The Great Cloud Storage Showdown	2023-01-12 00:00:00	Josh Brown	onedrive, vs, google
Business Process Reengineering: Strategies for Success	2023-11-01 00:00:00	Josh Brown	business, process, reengineering:
Reducing Employee Attrition: Tips and Strategies for Success	2022-12-28 00:00:00	Michael Norton	reducing, employee, attrition:
11 Customer Satisfaction Metrics Every Business Should Track	2022-12-23 00:00:00	Josh Brown	11, customer, satisfaction
The Secret to Crafting the Perfect How-To Guide	2022-12-17 00:00:00	Kiran  Shahid	secret, crafting, perfect
How to Build a High Performing Sales Team	2022-12-06 00:00:00	Josh Brown	build, high, performing
Employee Offboarding: Best Practices + Benefits	2022-12-11 00:00:00	Josh Brown	employee, offboarding:, best
Project Documentation 101: A Powerful Way to Share Knowledge	2022-11-22 00:00:00	Josh Brown	project, documentation, 101:
Sales Playbook: A Definitive Guide to Building an Effective One	2023-04-20 00:00:00	Josh Brown	sales, playbook:, definitive
30-60-90 Day Plan [Examples + Template]	2023-04-19 00:00:00	Josh Brown	30-60-90, day, plan
Building a Hybrid Work Schedule That Works for Your Team	2022-11-04 00:00:00	Josh Brown	building, hybrid, work
Streamlining the Onboarding Process: Employee Portals Explained	2022-11-14 00:00:00	Kiran  Shahid	streamlining, onboarding, process:
The Best Intranet Software for Internal Collaboration [2024]	2024-01-12 00:00:00	Kiran  Shahid	best, intranet, software
The Best Helpjuice Alternatives [2022]	2024-01-12 00:00:00	Josh Brown	best, helpjuice, alternatives
What is a Business Playbook, and Why Do You Need One?	2023-06-01 00:00:00	Kiran  Shahid	business, playbook,, need
Examples of Knowledge Management Systems [2022]	2023-04-17 00:00:00	Craig Stoss	examples, knowledge, management
Company Policy & Procedures: What You Need to Know	2023-04-17 00:00:00	Matt Duczeminski	company, policy, &
Service Request Management: Guide to Best Practices	2023-03-28 00:00:00	Josh Brown	service, request, management:
Ecommerce Customer Service Guide: Best Practices to Follow	2022-10-04 00:00:00	Josh Brown	ecommerce, customer, service
6 Steps to Improve Your Business' Internal Processes	2023-04-20 00:00:00	Josh Brown	6, steps, improve
How to Write an Instruction Manual [With Examples]	2022-08-20 00:00:00	Josh Brown	write, instruction, manual
16 Best Apps for Employee Communication [2024]	2024-01-13 00:00:00	Josh Brown	16, best, apps
How to Create an Effective Sell Sheet [With Examples]	2022-08-10 00:00:00	Josh Brown	create, effective, sell
Creating, Managing, and Developing High-Performing Teams	2022-08-08 00:00:00	Josh Brown	creating,, managing,, developing
Ticket Deflection: Learn How to Reduce Customer Support Tickets	2023-04-17 00:00:00	Josh Brown	ticket, deflection:, learn
The Best Wiki Software to Help Organize Knowledge [2023]	2023-07-01 00:00:00	Josh Brown	best, wiki, software
17 Best Client Portal Software for Your Users [2022]	2022-07-08 00:00:00	Josh Brown	17, best, client
How to Write a Product Requirements Document (PRD)	2023-06-02 00:00:00	Josh Brown	write, product, requirements
Google Docs Alternatives: The 6 Best Choices for 2022	2022-07-28 00:00:00	Josh Brown	google, docs, alternatives:
Average Handle Time: 5 Strategies to Reduce It	2022-05-26 00:00:00	Josh Brown	average, handle, time:
Encourage Knowledge Sharing in the Workplace [6 Steps to Help]	2023-10-27 00:00:00	Josh Brown	encourage, knowledge, sharing
How to Create an Employee Training Plan [With Templates + Checklists]	2022-05-17 00:00:00	Josh Brown	create, employee, training
Unleashing the Power of Sprint Review Meetings	2023-05-24 00:00:00	Josh Brown	unleashing, power, sprint
Customer Self-Service Software: Best Tools for 2024	2023-12-05 00:00:00	Josh Brown	customer, self-service, software:
Knowledge Base Guide: Why Your Business Needs One	2023-12-18 00:00:00	Josh Brown	knowledge, base, guide:
Business Requirements Document: How to Write One	2023-06-02 00:00:00	Josh Brown	business, requirements, document:
Customer Service Performance Reviews: Processes + Template	2023-06-21 00:00:00	Josh Brown	customer, service, performance
How to Create a Training Manual: Tips for Maximizing Impact	2023-04-21 00:00:00	Josh Brown	create, training, manual:
How to Deliver 24/7 Customer Service & Tech Support	2022-04-12 00:00:00	Josh Brown	deliver, 24/7, customer
The Best Knowledge Management Software & Tools [2024]	2023-12-18 00:00:00	Josh Brown	best, knowledge, management
Guide to Optimizing Internal Customer Service: 7 Key Strategies	2022-04-11 00:00:00	Josh Brown	guide, optimizing, internal
Change Management Process: 7 Steps to Successful Implementation	2023-11-02 00:00:00	Josh Brown	change, management, process:
How to Scale Your Customer Support Efforts as Your Business Grows	2022-08-17 00:00:00	Josh Brown	scale, customer, support
How to Create a Self-Service Knowledge Base for Your Business	2023-09-18 00:00:00	Josh Brown	create, self-service, knowledge
How to Provide After-Hours Customer Support	2022-05-24 00:00:00	Josh Brown	provide, after-hours, customer
Proactive Customer Service: Definition, Benefits & Best Practices	2022-04-09 00:00:00	Josh Brown	proactive, customer, service:
How to Maximize the Value of Knowledge Process Outsourcing	2022-12-28 00:00:00	Josh Brown	maximize, value, knowledge
Creating a Customer Service Knowledge Base for Better Support	2022-04-01 00:00:00	Josh Brown	creating, customer, service
The 14 Best Zendesk Competitors and Alternatives [2024]	2023-12-14 00:00:00	Josh Brown	14, best, zendesk
How to Write a Team Meeting Agenda: Best Practices & Templates	2023-05-24 00:00:00	Josh Brown	write, team, meeting
Business Process Outsourcing (BPO): Definition & Best Practices	2023-10-31 00:00:00	Josh Brown	business, process, outsourcing
Silo Mentality: What Are Organizational Silos and Their Impact	2022-02-11 00:00:00	Josh Brown	silo, mentality:, organizational
Asynchronous Communications 101: Definition, Benefits & Tips	2022-05-24 00:00:00	Josh Brown	asynchronous, communications, 101:
We Explored Confluence Alternatives: The Best 14 Revealed	2023-06-04 00:00:00	Josh Brown	explored, confluence, alternatives:
How to Build a Customer Service Policy That Delights Customers	2023-05-12 00:00:00	Josh Brown	build, customer, service
11 Best Help Authoring Software and Tools [2023]	2023-03-28 00:00:00	Josh Brown	11, best, help
Product Documentation: How to Create It & the Best Software to Use	2022-01-19 00:00:00	Josh Brown	product, documentation:, create
How to Create a Product Knowledge Training Program	2022-01-11 00:00:00	Josh Brown	create, product, knowledge
What is a Customer Self-Service Portal [And How to Create One]	2022-05-12 00:00:00	Josh Brown	customer, self-service, portal
The 10 Best Notion Alternatives in 2023	2023-06-24 00:00:00	Josh Brown	10, best, notion
Corporate Wiki vs Knowledge Base: Which is Better?	2023-03-14 00:00:00	Josh Brown	corporate, wiki, vs
How to Use Surveys to Improve Your Knowledge Base	2021-11-16 00:00:00	Josh Brown	use, surveys, improve
Discover the Best Knowledge Base Software of 2024: Top 14	2023-12-18 00:00:00	Josh Brown	discover, best, knowledge
Cross-Team Collaboration: 9 Top Strategies for Success	2022-12-16 00:00:00	Josh Brown	cross-team, collaboration:, 9
The 12 Best Open Source Knowledge Base Software for 2023	2023-03-14 00:00:00	Josh Brown	12, best, open
The Best SaaS Knowledge Base Software in 2023	2023-05-23 00:00:00	Josh Brown	best, saas, knowledge
Customer Service Best Practices: The Top 8 Strategies	2023-05-25 00:00:00	Josh Brown	customer, service, best
Step-By-Step Guide to Creating a Knowledge Base	2023-04-27 00:00:00	Josh Brown	step-by-step, guide, creating
The Best Technical Documentation Software for 2024	2023-12-06 00:00:00	Josh Brown	best, technical, documentation
The Best Software Documentation Tools for Devs & End Users	2023-05-26 00:00:00	Matt Duczeminski	best, software, documentation
Knowledge Management Portal: What to Look For When Building One	2023-05-12 00:00:00	Josh Brown	knowledge, management, portal:
Internal Documentation 101: A Simple Guide to Get You Started	2022-11-22 00:00:00	Josh Brown	internal, documentation, 101:
Employee Onboarding: How to Help Your New Employees Succeed	2023-03-08 00:00:00	Josh Brown	employee, onboarding:, help
Technical Documentation: Purpose and Best Practices	2021-10-20 00:00:00	Josh Brown	technical, documentation:, purpose
Employee Onboarding: Definition & Best Practices	2022-11-17 00:00:00	Josh Brown	employee, onboarding:, definition
Remote Onboarding: How to Set Up Your New Employees for Success	2023-03-08 00:00:00	Josh Brown	remote, onboarding:, set
The Best Sales Enablement Tools to Help Your Team Close More Deals [2023]	2023-01-05 00:00:00	Daphne Muller	best, sales, enablement
Creating a Customer Knowledge Management System to Fuel Growth	2021-07-20 00:00:00	Josh Brown	creating, customer, knowledge
Remote Team Management: The Top Strategies & Tools for Success	2022-10-20 00:00:00	Josh Brown	remote, team, management:
The Best Employee Onboarding Software For New Hires [2023]	2022-12-14 00:00:00	Josh Brown	best, employee, onboarding
Internal Communications: Benefits, Best Practices and How to Do It	2022-05-24 00:00:00	Josh Brown	internal, communications:, benefits,
Trying to Create a Wiki? Here's How You Do It.	2023-04-20 00:00:00	Josh Brown	trying, create, wiki?
How to Create an Effective Knowledge Map (And the Benefits of Doing So)	2023-10-25 00:00:00	Josh Brown	create, effective, knowledge
The Top KnowledgeOwl Alternatives and Competitors in 2023	2023-05-23 00:00:00	Josh Brown	top, knowledgeowl, alternatives
Step-By-Step Guide to Creating an Internal Knowledge Base	2022-08-09 00:00:00	Josh Brown	step-by-step, guide, creating
The Best IT Helpdesk Ticketing Software Systems: Pros & Cons	2023-04-18 00:00:00	Josh Brown	best, helpdesk, ticketing
How to Break Down Information Silos [And the Benefits of Doing So]	2021-02-26 00:00:00	Josh Brown	break, information, silos
How to Improve Your Customers' Experience With Personalization	2021-10-04 00:00:00	Josh Brown	improve, customers', experience
Internal Wiki Guide: How to Create One + Best Software to Use [2023]	2023-01-05 00:00:00	Josh Brown	internal, wiki, guide:
How to Use Google Drive — Tutorial and Best Practices	2020-12-04 00:00:00	Josh Brown	use, google, drive
6 Customer Retention Strategies to Keep Customers Coming Back For More	2021-02-09 00:00:00	Josh Brown	6, customer, retention
The Top Document360 Alternatives & Competitors [2024]	2024-01-12 00:00:00	Josh Brown	top, document360, alternatives
Google Sites Tutorial: A Step-by-Step Guide	2021-02-12 00:00:00	Josh Brown	google, sites, tutorial:
How a Community Forum Can Benefit Your Business	2022-05-24 00:00:00	Josh Brown	community, forum, benefit
Building Communities of Practice to Cultivate Organizational Knowledge	2023-04-25 00:00:00	Josh Brown	building, communities, practice
How a Social Intranet Can Benefit Your Business	2020-09-30 00:00:00	Josh Brown	social, intranet, benefit
Knowledge Base Management: How it Can Benefit Your Business	2021-02-26 00:00:00	Josh Brown	knowledge, base, management:
How to Write Effective Knowledge Base Articles [With Examples]	2023-05-23 00:00:00	Josh Brown	write, effective, knowledge
SaaS Customer Onboarding 2.0: The Magic of Self-Serve	2020-09-15 00:00:00	Josh Brown	saas, customer, onboarding
How to Make Remote Work Easier for Your Customer Service Team	2020-11-13 00:00:00	Josh Brown	make, remote, work
Customer Service Automation: How to Do it the Right Way	2021-10-20 00:00:00	Josh Brown	customer, service, automation:
Customer Complaints: 8 Ways to Handle Them Effectively	2021-11-04 00:00:00	Josh Brown	customer, complaints:, 8
Organizational Learning: A Complete Guide	2020-08-19 00:00:00	Josh Brown	organizational, learning:, complete
What is Customer Engagement? A Complete Guide	2021-04-08 00:00:00	Josh Brown	customer, engagement?, complete
How to Build a Wordpress Intranet For Improved Team Collaboration	2021-04-08 00:00:00	Josh Brown	build, wordpress, intranet
WordPress Knowledge Base: Pros & Cons + 6 Best Plugins and Themes	2023-08-16 00:00:00	Josh Brown	wordpress, knowledge, base:
Process Documentation: Definition & Best Practices	2023-03-28 00:00:00	Isabelle Fredborg	process, documentation:, definition
Confluence vs. SharePoint: A Comprehensive Comparison [2023]	2022-12-30 00:00:00	Josh Brown	confluence, vs., sharepoint:
Tribal Knowledge: Definition, Benefits, and How to Capture It	2022-12-20 00:00:00	Josh Brown	tribal, knowledge:, definition,
The Best Document Management Software [2023]	2023-01-05 00:00:00	Josh Brown	best, document, management
Software Documentation Best Practices [With Examples]	2023-04-26 00:00:00	Josh Brown	software, documentation, best
How to Write an Effective FAQs Page [With Examples]	2023-04-27 00:00:00	Josh Brown	write, effective, faqs
Sales Process Guide: Learn How to Close More Deals in 2023!	2023-04-17 00:00:00	Josh Brown	sales, process, guide:
Employee Orientation: Definition, Benefits & Best Practices	2020-07-23 00:00:00	Josh Brown	employee, orientation:, definition,
The 9 Best ServiceNow Competitors and Alternatives	2023-10-11 00:00:00	Josh Brown	9, best, servicenow
14 Zoom Alternatives for Team-Wide Video Conferencing [2023]	2023-05-12 00:00:00	Josh Brown	14, zoom, alternatives
Best Slack Apps and Integrations For Your Business in 2023	2023-01-05 00:00:00	Josh Brown	best, slack, apps
Customer Support: How to Improve Your Efforts in 2023	2023-04-17 00:00:00	Josh Brown	customer, support:, improve
How to Create an Effective Employee Handbook [With Examples]	2022-12-20 00:00:00	Josh Brown	create, effective, employee
8 Tips For Writing Better User Documentation	2023-03-28 00:00:00	Josh Brown	8, tips, writing
Best Recruiting Tools & Software For Hiring Managers	2020-08-06 00:00:00	Josh Brown	best, recruiting, tools
Effective Team Management Strategies to Boost Productivity	2023-08-05 00:00:00	Hiba Amin	effective, team, management
Electronic Document Management System (EDMS): A Comprehensive Guide	2021-10-15 00:00:00	Josh Brown	electronic, document, management
Tacit Knowledge: Definition, Examples, and Importance	2023-10-27 00:00:00	Josh Brown	tacit, knowledge:, definition,
Best Chatbot Software in 2024 (According To Customer Reviews)	2023-12-29 00:00:00	Josh Brown	best, chatbot, software
20 Top Trello Alternatives For Better Work Productivity in 2023	2023-01-05 00:00:00	Josh Brown	20, top, trello
Leadership Training and Development: A Complete Guide	2023-04-26 00:00:00	Josh Brown	leadership, training, development:
How to Conduct an Employee Evaluation in 6 Steps	2023-06-21 00:00:00	Josh Brown	conduct, employee, evaluation
The Perfect Employee Evaluation Form: Templates + How-To	2023-04-20 00:00:00	Josh Brown	perfect, employee, evaluation
What is Employee Training And Development (From A To Z)	2024-01-10 00:00:00	Josh Brown	employee, training, development
How to Create an Effective Standard Operating Procedure (SOP)	2023-12-13 00:00:00	Matt Duczeminski	create, effective, standard
20 Best Customer Service Software Solutions [2023]	2023-01-05 00:00:00	Josh Brown	20, best, customer
SharePoint Alternatives: 15 Best Competitors to Consider [2023]	2023-03-14 00:00:00	Josh Brown	sharepoint, alternatives:, 15
Guest Posting on Helpjuice	2021-02-03 00:00:00	Josh Brown	guest, posting, helpjuice
19 Best Online Collaboration Tools for Remote Teams	2021-12-03 00:00:00	Josh Brown	19, best, online
Document Collaboration Software: 10 Best Tools for 2024	2023-12-06 00:00:00	Josh Brown	document, collaboration, software:
5 Ways Knowledge Management Systems Improve Customer Experiences	2021-10-15 00:00:00	Josh Brown	5, ways, knowledge
5 Simple Steps to Increase Customer Lifetime Value (+16 Examples)	2023-06-08 00:00:00	Josh Brown	5, simple, steps
20 Call Center Best Practices for Amazing Customer Service	2023-05-11 00:00:00	Josh Brown	20, call, center
What is Knowledge Centered Support (KCS) and Why it Matters	2022-12-29 00:00:00	Josh Brown	knowledge, centered, support
14 Effective Ways to Promote Team Collaboration	2022-02-12 00:00:00	Josh Brown	14, effective, ways
Knowledge Transfer: What it is & How to Use it Effectively	2023-04-20 00:00:00	Josh Brown	knowledge, transfer:, &
Top 5 Bloomfire Competitors & Alternatives for Better Collaboration	2022-05-24 00:00:00	Josh Brown	top, 5, bloomfire
How Feedback Forms Can Help You Better Understand Your Customers	2020-07-15 00:00:00	Josh Brown	feedback, forms, help
Knowledge Management Solutions: What Your Business Needs to Know	2023-05-15 00:00:00	Josh Brown	knowledge, management, solutions:
Open Source Knowledge Base vs SaaS – Which is Better?	2023-05-23 00:00:00	Josh Brown	open, source, knowledge
Customer Satisfaction 101: Essential Tips for Improving CX	2022-12-23 00:00:00	Josh Brown	customer, satisfaction, 101:
Sales Enablement: Definition, Importance & Best Practices	2020-08-18 00:00:00	Emil Hajric	sales, enablement:, definition,
SharePoint Knowledge Base Review (2023): Pros & Cons	2023-04-20 00:00:00	Emil Hajric	sharepoint, knowledge, base
Harnessing Knowledge Management: Best Practices & Tools	2023-10-25 00:00:00	Matt Duczeminski	harnessing, knowledge, management:
8 Most Common Mistakes to Avoid When Building External Knowledge Base	2020-07-08 00:00:00	Emil Hajric	8, common, mistakes
Cheat Sheet: Cutting Down Customer Support Requests With Knowledge Base	2020-07-08 00:00:00	Emil Hajric	cheat, sheet:, cutting
7 Benefits of Having a Knowledge Base for Your Company	2023-05-23 00:00:00	Emil Hajric	7, benefits, knowledge
How to Make a Searchable Knowledge Base	2023-05-23 00:00:00	Emil Hajric	make, searchable, knowledge
Dramatically Cutting Down Support Requests Within Your SaaS App: The Story of Travis, The Hero From EventGeek	2020-07-13 00:00:00	Emil Hajric	dramatically, cutting, support
Under the Hood: Meet the Brand New Helpjuice V4 Dashboard!	2020-07-08 00:00:00	Emil Hajric	hood:, meet, brand
7 Best Tools to Measure Customer Engagement in 2021	2021-02-02 00:00:00	Emil Hajric	7, best, tools
A Simple Guide to Writing the Perfect Knowledge Base Article	2022-04-09 00:00:00	Emil Hajric	simple, guide, writing
7 ways customer service helps you with flawless customer onboarding	2022-12-12 00:00:00	Emil Hajric	7, ways, customer
Quick Tips on How to Improve Your Knowledge Base	2022-04-09 00:00:00	Emil Hajric	quick, tips, improve
How to Plan Your External Knowledge Base Content	2022-12-12 00:00:00	Emil Hajric	plan, external, knowledge
Engaging Your Employees To Contribute To Your Knowledge Base	2022-04-09 00:00:00	Emil Hajric	engaging, employees, contribute
A Guide to Using Emojis In Customer Support	2020-07-30 00:00:00	Emil Hajric	guide, using, emojis
Why Customers STOP Using Your Knowledge Base!	2022-04-09 00:00:00	Emil Hajric	customers, stop, using
3 External API's To Super-Power Your Knowledge Base!	2020-07-13 00:00:00	Emil Hajric	3, external, api's
Customer Service Tips From Top 4 Industry Experts	2022-04-09 00:00:00	Emil Hajric	customer, service, tips
4 Bulletproof UX-Hacks To Skyrocket Your Knowledge Base	2022-04-09 00:00:00	Emil Hajric	4, bulletproof, ux-hacks
Top 5 Ways to Ask For Customer Feedback	2020-08-05 00:00:00	Emil Hajric	top, 5, ways
10 Customer Appreciation Ideas Your Customers Will Absolutely Love	2020-08-12 00:00:00	Emil Hajric	10, customer, appreciation
Top 5 Ways to Provide Excellent Customer Service	2022-04-09 00:00:00	Emil Hajric	top, 5, ways
UX vs CX: A Practical Explanation Using a Real-Life Scenario	2020-07-28 00:00:00	Emil Hajric	ux, vs, cx:
Optimize Efficiency: The Knowledge Management Process	2023-04-27 00:00:00	Emil Hajric	optimize, efficiency:, knowledge
4 Mind-Blowing Metrics On Short vs Lengthy Knowledge Base Articles	2022-04-09 00:00:00	Emil Hajric	4, mind-blowing, metrics
World Class Customer Service: 4 Things Today’s Companies Get Right	2020-08-19 00:00:00	Emil Hajric	world, class, customer
10 Mind-blowing Customer Service Statistics	2020-07-30 00:00:00	Emil Hajric	10, mind-blowing, customer
Customer Service Infographic: Best And Worst Industries	2023-03-25 00:00:00	Emil Hajric	customer, service, infographic:
5 Bad Customer Service Habits You Need to Kill Right Away	2020-08-12 00:00:00	Emil Hajric	5, bad, customer
5 Ways To Deliver Great Customer Service	2020-07-13 00:00:00	Emil Hajric	5, ways, deliver
How to Improve Customer Service With Technology	2022-04-09 00:00:00	Emil Hajric	improve, customer, service
Top 5 Principles to Deliver Great Customer Service	2023-03-17 00:00:00	Josh Brown	top, 5, principles
Quora Marketing Strategy for B2B Startups	2022-04-09 00:00:00	Emil Hajric	quora, marketing, strategy
EGO Trap: The Number One Reason Most Startups Fail	2020-08-10 00:00:00	Emil Hajric	ego, trap:, number
How to Leverage Social Media To Improve Customer Experience	2020-08-20 00:00:00	Emil Hajric	leverage, social, media
